ROI,distance
CA1,0.0
CA2,84.8528137423857
CA3,156.9638392516655
CA4,241.8166529940512
CA5,313.927678503331
ST1,337.63886032268266
ST2,508.5189352290332
ST3,712.4797157727446
ST4,1430.8111156154635
