ROI,distance
CA1,0.0
CA2,87.17797887081348
CA3,187.1779788708135
CA4,272.0307926131992
CA5,344.141818122479
ST1,352.1363372331802
ST2,517.0605622578867
ST3,725.8666924360975
ST4,1369.2950101219142
