ROI,distance
CA1,0.0
CA2,74.83314773547883
CA3,146.94417324475862
CA4,221.77732098023745
CA5,293.88834648951723
ST1,663.7531866676559
ST2,1189.8710441862922
ST3,2130.7217230934184
ST4,2892.036375520389
