ROI,distance
CA1,0.0
CA2,89.44271909999159
CA3,161.55374460927138
CA4,250.99646370926297
CA5,350.99646370926297
ST1,380.52595180880894
ST2,570.2626114189117
ST3,759.9992710290144
ST4,1418.7860347090386
