ROI,distance
CA1,0.0
CA2,72.11102550927978
CA3,144.22205101855957
CA4,216.33307652783932
CA5,288.44410203711914
ST1,455.1922670696417
ST2,663.9983972478526
ST3,853.7350568579554
ST4,1681.2614914810433
