ROI,distance
CA1,0.0
CA2,84.8528137423857
CA3,169.7056274847714
CA4,254.55844122715712
CA5,326.6694667364369
ST1,326.80269276736385
ST2,560.8966909817564
ST3,758.8865897139897
ST4,1445.3266817832102
