ROI,distance
CA1,0.0
CA2,84.8528137423857
CA3,156.9638392516655
CA4,229.07486476094527
CA5,301.18589027022506
ST1,320.62439083762797
ST2,510.3610504477307
ST3,707.3382064836528
ST4,1416.4221225330864
