ROI,distance
CA1,0.0
CA2,72.11102550927978
CA3,156.9638392516655
CA4,241.8166529940512
CA5,326.6694667364369
ST1,361.10940170535576
ST2,584.7161994553347
ST3,837.698412268805
ST4,1547.3462122372118
