ROI,distance
CA1,0.0
CA2,72.11102550927978
CA3,144.22205101855957
CA4,229.07486476094527
CA5,303.90801249642413
ST1,335.2610922848042
ST2,570.2078947742189
ST3,786.5409713020582
ST4,1480.8031696104492
