ROI,distance
CA1,0.0
CA2,72.11102550927978
CA3,156.9638392516655
CA4,256.9638392516655
CA5,356.9638392516655
ST1,413.763217311544
ST2,629.1698095969241
ST3,818.9064692070269
ST4,1498.317979265548
